Designator,Mid X,Mid Y,Layer,Rotation
"C1",12.000,90.000,top,90.000
"C2",48.000,78.500,top,270.000
"C3",6.000,78.500,top,270.000
"C4",94.000,78.500,top,270.000
"C5",37.000,82.000,top,0.000
"C6",57.640,85.330,top,0.000
"C7",57.640,87.730,top,0.000
"C8",75.440,96.930,top,90.000
"C9",73.040,96.930,top,90.000
"C10",70.640,96.930,top,90.000
"C11",23.247,53.938,top,0.000
"C12",30.872,63.075,top,90.000
"C13",31.110,49.675,top,90.000
"C14",31.110,53.450,top,90.000
"C15",27.372,63.075,top,90.000
"C16",27.610,49.675,top,90.000
"C17",27.610,53.450,top,90.000
"C18",28.410,39.538,top,90.000
"C19",28.647,26.137,top,90.000
"C20",28.647,29.912,top,90.000
"C21",25.010,39.538,top,90.000
"C22",25.247,26.137,top,90.000
"C23",25.247,29.912,top,90.000
"C24",18.210,39.538,top,90.000
"C25",18.447,26.137,top,90.000
"C26",18.447,29.912,top,90.000
"C27",21.610,39.538,top,90.000
"C28",21.848,26.137,top,90.000
"C29",21.848,29.912,top,90.000
"C30",14.810,39.538,top,90.000
"C31",15.047,26.137,top,90.000
"C32",15.047,29.912,top,90.000
"C33",11.410,39.538,top,90.000
"C34",11.647,26.137,top,90.000
"C35",11.647,29.912,top,90.000
"C36",8.010,39.538,top,90.000
"C37",8.248,26.137,top,90.000
"C38",8.248,29.912,top,90.000
"C39",4.610,39.538,top,90.000
"C40",4.848,26.137,top,90.000
"C41",4.848,29.912,top,90.000
"C42",2.272,63.075,top,90.000
"C43",2.510,49.675,top,90.000
"C44",2.510,53.450,top,90.000
"C45",5.772,63.075,top,90.000
"C46",6.010,49.675,top,90.000
"C47",6.010,53.450,top,90.000
"C48",56.197,53.938,top,0.000
"C49",63.822,63.075,top,90.000
"C50",64.060,49.675,top,90.000
"C51",64.060,53.450,top,90.000
"C52",60.322,63.075,top,90.000
"C53",60.560,49.675,top,90.000
"C54",60.560,53.450,top,90.000
"C55",61.360,39.538,top,90.000
"C56",61.597,26.137,top,90.000
"C57",61.597,29.912,top,90.000
"C58",57.960,39.538,top,90.000
"C59",58.197,26.137,top,90.000
"C60",58.197,29.912,top,90.000
"C61",51.160,39.538,top,90.000
"C62",51.398,26.137,top,90.000
"C63",51.398,29.912,top,90.000
"C64",54.560,39.538,top,90.000
"C65",54.797,26.137,top,90.000
"C66",54.797,29.912,top,90.000
"C67",47.760,39.538,top,90.000
"C68",47.997,26.137,top,90.000
"C69",47.997,29.912,top,90.000
"C70",44.360,39.538,top,90.000
"C71",44.597,26.137,top,90.000
"C72",44.597,29.912,top,90.000
"C73",40.960,39.538,top,90.000
"C74",41.197,26.137,top,90.000
"C75",41.197,29.912,top,90.000
"C76",37.560,39.538,top,90.000
"C77",37.797,26.137,top,90.000
"C78",37.797,29.912,top,90.000
"C79",35.222,63.075,top,90.000
"C80",35.460,49.675,top,90.000
"C81",35.460,53.450,top,90.000
"C82",38.722,63.075,top,90.000
"C83",38.960,49.675,top,90.000
"C84",38.960,53.450,top,90.000
"C85",89.147,53.938,top,0.000
"C86",96.772,63.075,top,90.000
"C87",97.010,49.675,top,90.000
"C88",97.010,53.450,top,90.000
"C89",93.272,63.075,top,90.000
"C90",93.510,49.675,top,90.000
"C91",93.510,53.450,top,90.000
"C92",94.310,39.538,top,90.000
"C93",94.547,26.137,top,90.000
"C94",94.547,29.912,top,90.000
"C95",90.910,39.538,top,90.000
"C96",91.147,26.137,top,90.000
"C97",91.147,29.912,top,90.000
"C98",84.110,39.538,top,90.000
"C99",84.347,26.137,top,90.000
"C100",84.347,29.912,top,90.000
"C101",87.510,39.538,top,90.000
"C102",87.748,26.137,top,90.000
"C103",87.748,29.912,top,90.000
"C104",80.710,39.538,top,90.000
"C105",80.947,26.137,top,90.000
"C106",80.947,29.912,top,90.000
"C107",77.310,39.538,top,90.000
"C108",77.547,26.137,top,90.000
"C109",77.547,29.912,top,90.000
"C110",73.910,39.538,top,90.000
"C111",74.147,26.137,top,90.000
"C112",74.147,29.912,top,90.000
"C113",70.510,39.538,top,90.000
"C114",70.748,26.137,top,90.000
"C115",70.748,29.912,top,90.000
"C116",68.172,63.075,top,90.000
"C117",68.410,49.675,top,90.000
"C118",68.410,53.450,top,90.000
"C119",71.672,63.075,top,90.000
"C120",71.910,49.675,top,90.000
"C121",71.910,53.450,top,90.000
"D1",22.000,95.975,top,90.000
"D2",16.000,87.000,top,180.000
"D3",16.000,96.000,top,270.000
"D4",53.340,87.830,top,270.000
"D5",61.890,85.480,top,270.000
"D6",85.000,96.000,top,90.000
"D7",31.110,46.175,top,270.000
"D8",27.610,46.175,top,270.000
"D9",28.647,22.637,top,270.000
"D10",25.247,22.637,top,270.000
"D11",18.447,22.637,top,270.000
"D12",21.848,22.637,top,270.000
"D13",15.047,22.637,top,270.000
"D14",11.647,22.637,top,270.000
"D15",8.248,22.637,top,270.000
"D16",4.848,22.637,top,270.000
"D17",2.510,46.175,top,270.000
"D18",6.010,46.175,top,270.000
"D19",64.060,46.175,top,270.000
"D20",60.560,46.175,top,270.000
"D21",61.597,22.637,top,270.000
"D22",58.197,22.637,top,270.000
"D23",51.398,22.637,top,270.000
"D24",54.797,22.637,top,270.000
"D25",47.997,22.637,top,270.000
"D26",44.597,22.637,top,270.000
"D27",41.197,22.637,top,270.000
"D28",37.797,22.637,top,270.000
"D29",35.460,46.175,top,270.000
"D30",38.960,46.175,top,270.000
"D31",97.010,46.175,top,270.000
"D32",93.510,46.175,top,270.000
"D33",94.547,22.637,top,270.000
"D34",91.147,22.637,top,270.000
"D35",84.347,22.637,top,270.000
"D36",87.748,22.637,top,270.000
"D37",80.947,22.637,top,270.000
"D38",77.547,22.637,top,270.000
"D39",74.147,22.637,top,270.000
"D40",70.748,22.637,top,270.000
"D41",68.410,46.175,top,270.000
"D42",71.910,46.175,top,270.000
"F1",56.440,82.930,top,180.000
"F2",79.440,95.730,top,0.000
"F3",8.500,3.000,bottom,90.000
"F4",10.900,3.000,bottom,90.000
"F5",24.300,3.000,bottom,90.000
"F6",26.600,3.000,bottom,90.000
"F7",41.500,3.000,bottom,90.000
"F8",43.800,3.000,bottom,90.000
"F9",57.200,3.000,bottom,90.000
"F10",59.600,3.000,bottom,90.000
"F11",74.400,3.000,bottom,90.000
"F12",76.800,3.000,bottom,90.000
"F13",90.200,3.000,bottom,90.000
"F14",92.500,3.000,bottom,90.000
"L1",70.640,87.930,top,0.000
"Q1",28.000,85.500,top,90.000
"Q2",31.473,57.275,top,90.000
"Q3",27.973,57.275,top,90.000
"Q4",29.010,33.737,top,90.000
"Q5",25.610,33.737,top,90.000
"Q6",18.810,33.737,top,90.000
"Q7",22.210,33.737,top,90.000
"Q8",15.410,33.737,top,90.000
"Q9",12.010,33.737,top,90.000
"Q10",8.610,33.737,top,90.000
"Q11",5.210,33.737,top,90.000
"Q12",2.873,57.275,top,90.000
"Q13",6.372,57.275,top,90.000
"Q14",64.422,57.275,top,90.000
"Q15",60.922,57.275,top,90.000
"Q16",61.960,33.737,top,90.000
"Q17",58.560,33.737,top,90.000
"Q18",51.760,33.737,top,90.000
"Q19",55.160,33.737,top,90.000
"Q20",48.360,33.737,top,90.000
"Q21",44.960,33.737,top,90.000
"Q22",41.560,33.737,top,90.000
"Q23",38.160,33.737,top,90.000
"Q24",35.822,57.275,top,90.000
"Q25",39.322,57.275,top,90.000
"Q26",97.373,57.275,top,90.000
"Q27",93.873,57.275,top,90.000
"Q28",94.910,33.737,top,90.000
"Q29",91.510,33.737,top,90.000
"Q30",84.710,33.737,top,90.000
"Q31",88.110,33.737,top,90.000
"Q32",81.310,33.737,top,90.000
"Q33",77.910,33.737,top,90.000
"Q34",74.510,33.737,top,90.000
"Q35",71.110,33.737,top,90.000
"Q36",68.772,57.275,top,90.000
"Q37",72.272,57.275,top,90.000
"R1",22.000,90.000,top,90.000
"R2",20.000,90.000,top,90.000
"R3",14.000,90.000,top,270.000
"R4",18.000,90.000,top,270.000
"R5",16.000,90.000,top,270.000
"R6",66.440,96.330,top,270.000
"R7",68.440,96.330,top,90.000
"R8",82.940,96.230,top,270.000
"R9",82.440,91.730,top,270.000
"R10",23.247,51.938,top,180.000
"R11",10.747,44.587,top,0.000
"R12",10.760,46.587,top,0.000
"R13",23.247,50.037,top,180.000
"R14",23.247,48.137,top,180.000
"R15",31.473,65.975,top,0.000
"R16",31.473,60.175,top,0.000
"R17",27.973,65.975,top,0.000
"R18",27.973,60.175,top,0.000
"R19",29.010,42.438,top,0.000
"R20",29.010,36.637,top,0.000
"R21",25.610,42.438,top,0.000
"R22",25.610,36.637,top,0.000
"R23",18.810,42.438,top,0.000
"R24",18.810,36.637,top,0.000
"R25",22.210,42.438,top,0.000
"R26",22.210,36.637,top,0.000
"R27",15.410,42.438,top,0.000
"R28",15.410,36.637,top,0.000
"R29",12.010,42.438,top,0.000
"R30",12.010,36.637,top,0.000
"R31",8.610,42.438,top,0.000
"R32",8.610,36.637,top,0.000
"R33",5.210,42.438,top,0.000
"R34",5.210,36.637,top,0.000
"R35",2.873,65.975,top,0.000
"R36",2.873,60.175,top,0.000
"R37",6.372,65.975,top,0.000
"R38",6.372,60.175,top,0.000
"R39",56.197,51.938,top,180.000
"R40",43.697,44.587,top,0.000
"R41",43.710,46.587,top,0.000
"R42",56.197,50.037,top,180.000
"R43",56.197,48.137,top,180.000
"R44",64.422,65.975,top,0.000
"R45",64.422,60.175,top,0.000
"R46",60.922,65.975,top,0.000
"R47",60.922,60.175,top,0.000
"R48",61.960,42.438,top,0.000
"R49",61.960,36.637,top,0.000
"R50",58.560,42.438,top,0.000
"R51",58.560,36.637,top,0.000
"R52",51.760,42.438,top,0.000
"R53",51.760,36.637,top,0.000
"R54",55.160,42.438,top,0.000
"R55",55.160,36.637,top,0.000
"R56",48.360,42.438,top,0.000
"R57",48.360,36.637,top,0.000
"R58",44.960,42.438,top,0.000
"R59",44.960,36.637,top,0.000
"R60",41.560,42.438,top,0.000
"R61",41.560,36.637,top,0.000
"R62",38.160,42.438,top,0.000
"R63",38.160,36.637,top,0.000
"R64",35.822,65.975,top,0.000
"R65",35.822,60.175,top,0.000
"R66",39.322,65.975,top,0.000
"R67",39.322,60.175,top,0.000
"R68",89.147,51.938,top,180.000
"R69",76.647,44.587,top,0.000
"R70",76.660,46.587,top,0.000
"R71",89.147,50.037,top,180.000
"R72",89.147,48.137,top,180.000
"R73",97.373,65.975,top,0.000
"R74",97.373,60.175,top,0.000
"R75",93.873,65.975,top,0.000
"R76",93.873,60.175,top,0.000
"R77",94.910,42.438,top,0.000
"R78",94.910,36.637,top,0.000
"R79",91.510,42.438,top,0.000
"R80",91.510,36.637,top,0.000
"R81",84.710,42.438,top,0.000
"R82",84.710,36.637,top,0.000
"R83",88.110,42.438,top,0.000
"R84",88.110,36.637,top,0.000
"R85",81.310,42.438,top,0.000
"R86",81.310,36.637,top,0.000
"R87",77.910,42.438,top,0.000
"R88",77.910,36.637,top,0.000
"R89",74.510,42.438,top,0.000
"R90",74.510,36.637,top,0.000
"R91",71.110,42.438,top,0.000
"R92",71.110,36.637,top,0.000
"R93",68.772,65.975,top,0.000
"R94",68.772,60.175,top,0.000
"R95",72.272,65.975,top,0.000
"R96",72.272,60.175,top,0.000
"U1",59.440,91.730,top,180.000
"U2",16.848,48.837,top,270.000
"U3",49.797,48.837,top,270.000
"U4",82.748,48.837,top,270.000
